TIPOENQUADRAMENTO,mes_ano2,total
ABANDONO DE IDOSO,jan 2024,1
ABANDONO DE IDOSO,mar 2024,1
ABANDONO DE IDOSO,abr 2024,1
ABANDONO DE IDOSO,abr 2025,1
ABANDONO DE IDOSO,jul 2025,1
ABANDONO DE IDOSO,ago 2025,1
ABANDONO DE IDOSO,nov 2025,1
ABANDONO DE IDOSO,mar 2026,1
ABANDONO DE INCAPAZ,jul 2024,1
ABANDONO DE INCAPAZ,set 2024,1
ABANDONO DE INCAPAZ,mai 2025,1
ADULTERACAO DE SINAL IDENTIFICADOR DE VEICULO AUTOMOTOR,jul 2025,1
ADULTERACAO DE SINAL IDENTIFICADOR DE VEICULO AUTOMOTOR,out 2025,1
ADULTERACAO DE SINAL IDENTIFICADOR DE VEICULO AUTOMOTOR,fev 2026,1
ADULTERACAO DE SINAL IDENTIFICADOR DE VEICULO AUTOMOTOR,mar 2026,1
AMEACA,jan 2024,20
AMEACA,fev 2024,15
AMEACA,mar 2024,25
AMEACA,abr 2024,16
AMEACA,mai 2024,10
AMEACA,jun 2024,51
AMEACA,jul 2024,26
AMEACA,ago 2024,22
AMEACA,set 2024,21
AMEACA,out 2024,14
AMEACA,nov 2024,26
AMEACA,dez 2024,22
AMEACA,jan 2025,22
AMEACA,fev 2025,20
AMEACA,mar 2025,14
AMEACA,abr 2025,16
AMEACA,mai 2025,16
AMEACA,jun 2025,12
AMEACA,jul 2025,23
AMEACA,ago 2025,20
AMEACA,set 2025,9
AMEACA,out 2025,20
AMEACA,nov 2025,20
AMEACA,dez 2025,15
AMEACA,jan 2026,18
AMEACA,fev 2026,9
AMEACA,mar 2026,25
AMEACA,abr 2026,21
AMEACA,mai 2026,15
AMEACA A ESTABELECIMENTO DE ENSINO,mar 2026,1
APROPRIACAO COISA HAVIDA POR ERRO CASO FORTUITO OU FORCA DA NATUREZA,fev 2024,1
APROPRIACAO COISA HAVIDA POR ERRO CASO FORTUITO OU FORCA DA NATUREZA,nov 2024,1
APROPRIACAO COISA HAVIDA POR ERRO CASO FORTUITO OU FORCA DA NATUREZA,dez 2024,1
APROPRIACAO COISA HAVIDA POR ERRO CASO FORTUITO OU FORCA DA NATUREZA,nov 2025,1
APROPRIACAO COISA HAVIDA POR ERRO CASO FORTUITO OU FORCA DA NATUREZA,fev 2026,1
APROPRIACAO COISA HAVIDA POR ERRO CASO FORTUITO OU FORCA DA NATUREZA,abr 2026,2
APROPRIACAO DE COISA ACHADA,abr 2024,1
APROPRIACAO DE COISA ACHADA,jun 2024,1
APROPRIACAO DE COISA ACHADA,nov 2024,1
APROPRIACAO DE COISA ACHADA,jan 2025,3
APROPRIACAO DE COISA ACHADA,jul 2025,1
APROPRIACAO INDEBITA,jan 2024,3
APROPRIACAO INDEBITA,fev 2024,3
APROPRIACAO INDEBITA,mar 2024,2
APROPRIACAO INDEBITA,abr 2024,4
APROPRIACAO INDEBITA,mai 2024,4
APROPRIACAO INDEBITA,jun 2024,4
APROPRIACAO INDEBITA,jul 2024,1
APROPRIACAO INDEBITA,ago 2024,6
APROPRIACAO INDEBITA,set 2024,8
APROPRIACAO INDEBITA,out 2024,2
APROPRIACAO INDEBITA,nov 2024,2
APROPRIACAO INDEBITA,dez 2024,1
APROPRIACAO INDEBITA,jan 2025,2
APROPRIACAO INDEBITA,fev 2025,1
APROPRIACAO INDEBITA,mar 2025,3
APROPRIACAO INDEBITA,abr 2025,3
APROPRIACAO INDEBITA,mai 2025,6
APROPRIACAO INDEBITA,jul 2025,2
APROPRIACAO INDEBITA,ago 2025,2
APROPRIACAO INDEBITA,set 2025,2
APROPRIACAO INDEBITA,out 2025,4
APROPRIACAO INDEBITA,dez 2025,3
APROPRIACAO INDEBITA,jan 2026,1
APROPRIACAO INDEBITA,fev 2026,1
APROPRIACAO INDEBITA,mar 2026,1
APROPRIACAO INDEBITA,abr 2026,2
APROPRIACAO INDEBITA,mai 2026,2
APROPRIACAO INDEBITA DE BEM DE IDOSO,set 2024,1
APROPRIACAO INDEBITA DE BEM DE IDOSO,nov 2024,1
APROPRIACAO INDEBITA DE BEM DE IDOSO,jan 2025,1
APROPRIACAO INDEBITA DE BEM DE IDOSO,mar 2025,1
APROPRIACAO INDEBITA DE BEM DE IDOSO,mai 2025,2
APROPRIACAO INDEBITA DE BEM DE IDOSO,out 2025,1
APROPRIACAO INDEBITA DE BEM DE IDOSO,fev 2026,1
APROPRIACAO INDEBITA DE BEM DE IDOSO,mar 2026,2
ASSEDIO SEXUAL,abr 2024,1
ASSEDIO SEXUAL,dez 2024,1
ASSEDIO SEXUAL,fev 2026,1
ATO OBSCENO,abr 2024,1
ATO OBSCENO,out 2024,1
ATO OBSCENO,jan 2025,1
CALUNIA,jan 2024,2
CALUNIA,fev 2024,1
CALUNIA,abr 2024,3
CALUNIA,mai 2024,3
CALUNIA,jul 2024,3
CALUNIA,set 2024,3
CALUNIA,out 2024,1
CALUNIA,nov 2024,2
CALUNIA,dez 2024,2
CALUNIA,jan 2025,2
CALUNIA,fev 2025,2
CALUNIA,mar 2025,2
CALUNIA,abr 2025,9
CALUNIA,mai 2025,6
CALUNIA,jun 2025,3
CALUNIA,jul 2025,5
CALUNIA,ago 2025,4
CALUNIA,set 2025,2
CALUNIA,out 2025,2
CALUNIA,nov 2025,3
CALUNIA,dez 2025,2
CALUNIA,jan 2026,2
CALUNIA,mar 2026,2
CALUNIA,abr 2026,3
CALUNIA,mai 2026,3
COACAO NO CURSO DO PROCESSO,abr 2024,1
COACAO NO CURSO DO PROCESSO,set 2024,1
COACAO NO CURSO DO PROCESSO,abr 2025,1
COMUNICACAO FALSA DE CRIME OU CONTRAVENCAO,mai 2024,1
COMUNICACAO FALSA DE CRIME OU CONTRAVENCAO,jun 2024,4
COMUNICACAO FALSA DE CRIME OU CONTRAVENCAO,jul 2024,7
COMUNICACAO FALSA DE CRIME OU CONTRAVENCAO,set 2024,1
COMUNICACAO FALSA DE CRIME OU CONTRAVENCAO,dez 2024,2
COMUNICACAO FALSA DE CRIME OU CONTRAVENCAO,jan 2025,2
COMUNICACAO FALSA DE CRIME OU CONTRAVENCAO,fev 2025,1
COMUNICACAO FALSA DE CRIME OU CONTRAVENCAO,mar 2025,7
COMUNICACAO FALSA DE CRIME OU CONTRAVENCAO,abr 2025,3
COMUNICACAO FALSA DE CRIME OU CONTRAVENCAO,mai 2025,1
COMUNICACAO FALSA DE CRIME OU CONTRAVENCAO,jun 2025,4
COMUNICACAO FALSA DE CRIME OU CONTRAVENCAO,jul 2025,3
COMUNICACAO FALSA DE CRIME OU CONTRAVENCAO,ago 2025,4
COMUNICACAO FALSA DE CRIME OU CONTRAVENCAO,set 2025,2
COMUNICACAO FALSA DE CRIME OU CONTRAVENCAO,out 2025,2
COMUNICACAO FALSA DE CRIME OU CONTRAVENCAO,nov 2025,2
CONDICIONAMENTO DE ATENDIMENTO MEDICO HOSPITALAR EMERGENCIAL,set 2025,1
CONDUTAS RELAC. A PEDOFILIA NA INTERNET E OTR MEIOS DE COMUNIC.,mar 2025,1
CONDUTO INCONVENIENTE,out 2024,1
CONDUTO INCONVENIENTE,ago 2025,1
CONSTRANGIMENTO ILEGAL,ago 2024,1
CONSTRANGIMENTO ILEGAL,set 2024,1
CONSTRANGIMENTO ILEGAL,mar 2025,1
CONSTRANGIMENTO ILEGAL,nov 2025,1
CONSTRANGIMENTO ILEGAL,abr 2026,1
CONSTRANGIMENTO ILEGAL DE CRIANCA E ADOLESCENTE,abr 2024,1
CONSTRANGIMENTO ILEGAL DE CRIANCA E ADOLESCENTE,fev 2026,1
CONSTRANGIMENTO ILEGAL DE CRIANCA E ADOLESCENTE,abr 2026,1
CRIME DE POLUICAO E OUTROS CRIMES AMBIENTAIS,jun 2024,1
CRIME DE POLUICAO E OUTROS CRIMES AMBIENTAIS,nov 2024,2
CRIME DE POLUICAO E OUTROS CRIMES AMBIENTAIS,fev 2025,1
CRIME DE POLUICAO E OUTROS CRIMES AMBIENTAIS,ago 2025,1
CRIMES CONTRA A FAUNA,abr 2026,1
CRIMES DA LEI GERAL DO ESPORTE,abr 2025,2
CRIMES DA LEI GERAL DO ESPORTE,abr 2026,1
CRIMES DE ABUSO DE AUTORIDADE,mar 2024,1
CRIMES DE ABUSO DE AUTORIDADE,ago 2024,1
CRIMES DE ABUSO DE AUTORIDADE,abr 2026,1
CRIMES DE TORTURA   LEI 9455 DE 1997,set 2025,1
CRUELDADE CONTRA ANIMAIS,jan 2024,1
CRUELDADE CONTRA ANIMAIS,mar 2024,5
CRUELDADE CONTRA ANIMAIS,out 2024,1
CRUELDADE CONTRA ANIMAIS,nov 2024,1
CRUELDADE CONTRA ANIMAIS,mar 2025,1
CRUELDADE CONTRA ANIMAIS,ago 2025,1
CRUELDADE CONTRA ANIMAIS,jan 2026,2
DANO,jan 2024,2
DANO,fev 2024,6
DANO,mar 2024,5
DANO,abr 2024,1
DANO,mai 2024,5
DANO,jul 2024,2
DANO,ago 2024,3
DANO,set 2024,2
DANO,out 2024,3
DANO,nov 2024,6
DANO,dez 2024,7
DANO,jan 2025,5
DANO,fev 2025,2
DANO,mar 2025,10
DANO,abr 2025,4
DANO,mai 2025,7
DANO,jun 2025,6
DANO,jul 2025,17
DANO,ago 2025,4
DANO,set 2025,8
DANO,out 2025,7
DANO,nov 2025,5
DANO,dez 2025,4
DANO,jan 2026,6
DANO,fev 2026,7
DANO,mar 2026,9
DANO,abr 2026,10
DANO,mai 2026,9
DANO QUALIFICADO,mai 2024,1
DANO QUALIFICADO,jul 2024,1
DANO QUALIFICADO,set 2024,1
DANO QUALIFICADO,nov 2024,5
DANO QUALIFICADO,jan 2025,1
DANO QUALIFICADO,fev 2025,1
DANO QUALIFICADO,mar 2025,1
DANO QUALIFICADO,abr 2025,10
DANO QUALIFICADO,mai 2025,4
DANO QUALIFICADO,jun 2025,2
DANO QUALIFICADO,jul 2025,4
DANO QUALIFICADO,ago 2025,14
DANO QUALIFICADO,set 2025,16
DANO QUALIFICADO,out 2025,4
DANO QUALIFICADO,nov 2025,2
DANO QUALIFICADO,dez 2025,2
DANO QUALIFICADO,jan 2026,3
DANO QUALIFICADO,fev 2026,13
DANO QUALIFICADO,mar 2026,12
DANO QUALIFICADO,abr 2026,16
DANO QUALIFICADO,mai 2026,3
DENUNCIACAO CALUNIOSA,fev 2024,3
DENUNCIACAO CALUNIOSA,mar 2024,1
DENUNCIACAO CALUNIOSA,abr 2024,1
DENUNCIACAO CALUNIOSA,jun 2024,1
DENUNCIACAO CALUNIOSA,jul 2024,1
DENUNCIACAO CALUNIOSA,nov 2024,1
DENUNCIACAO CALUNIOSA,abr 2025,1
DENUNCIACAO CALUNIOSA,nov 2025,1
DENUNCIACAO CALUNIOSA,mar 2026,1
DESACATO,jan 2024,1
DESACATO,abr 2024,1
DESACATO,mai 2024,1
DESACATO,jun 2024,1
DESACATO,set 2024,1
DESACATO,nov 2024,2
DESACATO,jan 2025,2
DESACATO,fev 2025,1
DESACATO,mar 2025,1
DESACATO,jun 2025,1
DESACATO,jul 2025,1
DESACATO,nov 2025,1
DESACATO,jan 2026,1
DESACATO,fev 2026,1
DESACATO,mar 2026,1
DESACATO,abr 2026,1
DESACATO,mai 2026,1
DESCUMPRIMENTO DE MEDIDA PROTETIVA DE URGENCIA,jan 2024,3
DESCUMPRIMENTO DE MEDIDA PROTETIVA DE URGENCIA,fev 2024,1
DESCUMPRIMENTO DE MEDIDA PROTETIVA DE URGENCIA,mar 2024,3
DESCUMPRIMENTO DE MEDIDA PROTETIVA DE URGENCIA,abr 2024,2
DESCUMPRIMENTO DE MEDIDA PROTETIVA DE URGENCIA,ago 2024,1
DESCUMPRIMENTO DE MEDIDA PROTETIVA DE URGENCIA,set 2024,2
DESCUMPRIMENTO DE MEDIDA PROTETIVA DE URGENCIA,nov 2024,1
DESCUMPRIMENTO DE MEDIDA PROTETIVA DE URGENCIA,jan 2025,2
DESCUMPRIMENTO DE MEDIDA PROTETIVA DE URGENCIA,fev 2025,1
DESCUMPRIMENTO DE MEDIDA PROTETIVA DE URGENCIA,abr 2025,3
DESCUMPRIMENTO DE MEDIDA PROTETIVA DE URGENCIA,mai 2025,1
DESCUMPRIMENTO DE MEDIDA PROTETIVA DE URGENCIA,jun 2025,2
DESCUMPRIMENTO DE MEDIDA PROTETIVA DE URGENCIA,jul 2025,5
DESCUMPRIMENTO DE MEDIDA PROTETIVA DE URGENCIA,ago 2025,1
DESCUMPRIMENTO DE MEDIDA PROTETIVA DE URGENCIA,set 2025,2
DESCUMPRIMENTO DE MEDIDA PROTETIVA DE URGENCIA,out 2025,6
DESCUMPRIMENTO DE MEDIDA PROTETIVA DE URGENCIA,dez 2025,3
DESCUMPRIMENTO DE MEDIDA PROTETIVA DE URGENCIA,fev 2026,5
DESCUMPRIMENTO DE MEDIDA PROTETIVA DE URGENCIA,mar 2026,6
DESCUMPRIMENTO DE MEDIDA PROTETIVA DE URGENCIA,abr 2026,3
DESCUMPRIMENTO DE MEDIDA PROTETIVA DE URGENCIA,mai 2026,8
DESOBEDIENCIA,jul 2024,1
DESOBEDIENCIA,out 2024,2
DESOBEDIENCIA,mar 2025,1
DESOBEDIENCIA,jun 2025,1
DESOBEDIENCIA,jul 2025,1
DESOBEDIENCIA,ago 2025,1
DESOBEDIENCIA,out 2025,1
DESOBEDIENCIA,jan 2026,1
DESOBEDIENCIA,fev 2026,3
DESOBEDIENCIA,abr 2026,3
DESOBEDIENCIA,mai 2026,2
DIFAMACAO,mar 2024,3
DIFAMACAO,abr 2024,1
DIFAMACAO,mai 2024,3
DIFAMACAO,jun 2024,3
DIFAMACAO,jul 2024,3
DIFAMACAO,ago 2024,2
DIFAMACAO,set 2024,2
DIFAMACAO,out 2024,2
DIFAMACAO,jan 2025,3
DIFAMACAO,fev 2025,5
DIFAMACAO,mar 2025,3
DIFAMACAO,mai 2025,7
DIFAMACAO,jun 2025,1
DIFAMACAO,jul 2025,5
DIFAMACAO,ago 2025,2
DIFAMACAO,set 2025,6
DIFAMACAO,out 2025,2
DIFAMACAO,nov 2025,1
DIFAMACAO,jan 2026,1
DIFAMACAO,mai 2026,1
DIRIGIR SEM HABILITACAO GERANDO PERIGO DE DANO ART. 309,abr 2025,1
DIRIGIR SEM HABILITACAO GERANDO PERIGO DE DANO ART. 309,mai 2025,1
DIRIGIR SEM HABILITACAO GERANDO PERIGO DE DANO ART. 309,jan 2026,1
DIRIGIR SEM HABILITACAO GERANDO PERIGO DE DANO ART. 309,fev 2026,1
DISCRIMINACAO A PESSOA COM DEFICIENCIA,abr 2026,2
DISPARO DE ARMA DE FOGO,jan 2024,1
DISPARO DE ARMA DE FOGO,mai 2024,1
DISPARO DE ARMA DE FOGO,jan 2025,1
DIVULGACAO DE CENA DE ESTUPRO DE SEXO OU DE PORNOGRAFIA,fev 2024,1
DIVULGACAO DE CENA DE ESTUPRO DE SEXO OU DE PORNOGRAFIA,mai 2024,1
DIVULGACAO DE CENA DE ESTUPRO DE SEXO OU DE PORNOGRAFIA,jun 2024,1
DIVULGACAO DE CENA DE ESTUPRO DE SEXO OU DE PORNOGRAFIA,out 2024,1
DIVULGACAO DE CENA DE ESTUPRO DE SEXO OU DE PORNOGRAFIA,nov 2024,1
DIVULGACAO DE CENA DE ESTUPRO DE SEXO OU DE PORNOGRAFIA,jan 2026,1
DIVULGACAO DE CENA DE ESTUPRO DE SEXO OU DE PORNOGRAFIA,fev 2026,1
EMBRIAGUEZ - ART. 306,out 2024,1
EMBRIAGUEZ - ART. 306,nov 2024,1
EMBRIAGUEZ - ART. 306,jul 2025,1
EMBRIAGUEZ - ART. 306,ago 2025,1
EMBRIAGUEZ - ART. 306,jan 2026,1
EMBRIAGUEZ - ART. 306,mar 2026,1
EMBRIAGUEZ - ART. 306,abr 2026,1
ENTORPECENTES  POSSE,jan 2024,1
ENTORPECENTES  POSSE,fev 2024,1
ENTORPECENTES  POSSE,mar 2024,2
ENTORPECENTES  POSSE,abr 2024,4
ENTORPECENTES  POSSE,mai 2024,3
ENTORPECENTES  POSSE,jul 2024,1
ENTORPECENTES  POSSE,ago 2024,2
ENTORPECENTES  POSSE,nov 2024,2
ENTORPECENTES  POSSE,jan 2025,1
ENTORPECENTES  POSSE,fev 2025,1
ENTORPECENTES  POSSE,mar 2025,1
ENTORPECENTES  POSSE,abr 2025,1
ENTORPECENTES  POSSE,mai 2025,1
ENTORPECENTES  POSSE,jun 2025,1
ENTORPECENTES  POSSE,nov 2025,1
ENTORPECENTES  POSSE,dez 2025,1
ENTORPECENTES  POSSE,jan 2026,1
ENTORPECENTES - TRAFICO,jan 2024,3
ENTORPECENTES - TRAFICO,fev 2024,4
ENTORPECENTES - TRAFICO,mar 2024,5
ENTORPECENTES - TRAFICO,abr 2024,1
ENTORPECENTES - TRAFICO,jun 2024,2
ENTORPECENTES - TRAFICO,jul 2024,1
ENTORPECENTES - TRAFICO,ago 2024,2
ENTORPECENTES - TRAFICO,set 2024,1
ENTORPECENTES - TRAFICO,out 2024,3
ENTORPECENTES - TRAFICO,nov 2024,2
ENTORPECENTES - TRAFICO,dez 2024,2
ENTORPECENTES - TRAFICO,jan 2025,4
ENTORPECENTES - TRAFICO,fev 2025,5
ENTORPECENTES - TRAFICO,mar 2025,7
ENTORPECENTES - TRAFICO,abr 2025,5
ENTORPECENTES - TRAFICO,mai 2025,2
ENTORPECENTES - TRAFICO,jun 2025,2
ENTORPECENTES - TRAFICO,jul 2025,2
ENTORPECENTES - TRAFICO,ago 2025,2
ENTORPECENTES - TRAFICO,set 2025,2
ENTORPECENTES - TRAFICO,out 2025,5
ENTORPECENTES - TRAFICO,nov 2025,3
ENTORPECENTES - TRAFICO,dez 2025,3
ENTORPECENTES - TRAFICO,jan 2026,1
ENTORPECENTES - TRAFICO,fev 2026,2
ENTORPECENTES - TRAFICO,mar 2026,1
ENTORPECENTES - TRAFICO,abr 2026,3
ESBULHO POSSESSORIO,jun 2024,1
ESBULHO POSSESSORIO,jul 2025,1
ESBULHO POSSESSORIO,set 2025,1
ESBULHO POSSESSORIO,nov 2025,1
ESTELIONATO,jan 2024,35
ESTELIONATO,fev 2024,30
ESTELIONATO,mar 2024,27
ESTELIONATO,abr 2024,33
ESTELIONATO,mai 2024,14
ESTELIONATO,jun 2024,28
ESTELIONATO,jul 2024,33
ESTELIONATO,ago 2024,37
ESTELIONATO,set 2024,23
ESTELIONATO,out 2024,34
ESTELIONATO,nov 2024,23
ESTELIONATO,dez 2024,22
ESTELIONATO,jan 2025,34
ESTELIONATO,fev 2025,26
ESTELIONATO,mar 2025,19
ESTELIONATO,abr 2025,25
ESTELIONATO,mai 2025,28
ESTELIONATO,jun 2025,31
ESTELIONATO,jul 2025,35
ESTELIONATO,ago 2025,30
ESTELIONATO,set 2025,35
ESTELIONATO,out 2025,40
ESTELIONATO,nov 2025,36
ESTELIONATO,dez 2025,35
ESTELIONATO,jan 2026,50
ESTELIONATO,fev 2026,53
ESTELIONATO,mar 2026,51
ESTELIONATO,abr 2026,41
ESTELIONATO,mai 2026,39
ESTELIONATO  FRAUDE COM A UTILIZACAO DE ATIVOS VIRTUAIS VALORES MOBILIARIOS OU ATIVOS FINANCEIROS,jan 2024,3
ESTELIONATO  FRAUDE COM A UTILIZACAO DE ATIVOS VIRTUAIS VALORES MOBILIARIOS OU ATIVOS FINANCEIROS,fev 2024,2
ESTELIONATO  FRAUDE COM A UTILIZACAO DE ATIVOS VIRTUAIS VALORES MOBILIARIOS OU ATIVOS FINANCEIROS,mar 2024,1
ESTELIONATO  FRAUDE COM A UTILIZACAO DE ATIVOS VIRTUAIS VALORES MOBILIARIOS OU ATIVOS FINANCEIROS,abr 2024,1
ESTELIONATO  FRAUDE COM A UTILIZACAO DE ATIVOS VIRTUAIS VALORES MOBILIARIOS OU ATIVOS FINANCEIROS,mai 2024,1
ESTELIONATO  FRAUDE COM A UTILIZACAO DE ATIVOS VIRTUAIS VALORES MOBILIARIOS OU ATIVOS FINANCEIROS,jun 2024,3
ESTELIONATO  FRAUDE COM A UTILIZACAO DE ATIVOS VIRTUAIS VALORES MOBILIARIOS OU ATIVOS FINANCEIROS,jul 2024,5
ESTELIONATO  FRAUDE COM A UTILIZACAO DE ATIVOS VIRTUAIS VALORES MOBILIARIOS OU ATIVOS FINANCEIROS,ago 2024,2
ESTELIONATO  FRAUDE COM A UTILIZACAO DE ATIVOS VIRTUAIS VALORES MOBILIARIOS OU ATIVOS FINANCEIROS,nov 2024,1
ESTELIONATO  FRAUDE COM A UTILIZACAO DE ATIVOS VIRTUAIS VALORES MOBILIARIOS OU ATIVOS FINANCEIROS,dez 2024,1
ESTELIONATO  FRAUDE COM A UTILIZACAO DE ATIVOS VIRTUAIS VALORES MOBILIARIOS OU ATIVOS FINANCEIROS,jan 2025,2
ESTELIONATO  FRAUDE COM A UTILIZACAO DE ATIVOS VIRTUAIS VALORES MOBILIARIOS OU ATIVOS FINANCEIROS,fev 2025,2
ESTELIONATO  FRAUDE COM A UTILIZACAO DE ATIVOS VIRTUAIS VALORES MOBILIARIOS OU ATIVOS FINANCEIROS,mar 2025,3
ESTELIONATO  FRAUDE COM A UTILIZACAO DE ATIVOS VIRTUAIS VALORES MOBILIARIOS OU ATIVOS FINANCEIROS,abr 2025,3
ESTELIONATO  FRAUDE COM A UTILIZACAO DE ATIVOS VIRTUAIS VALORES MOBILIARIOS OU ATIVOS FINANCEIROS,mai 2025,2
ESTELIONATO  FRAUDE COM A UTILIZACAO DE ATIVOS VIRTUAIS VALORES MOBILIARIOS OU ATIVOS FINANCEIROS,jun 2025,4
ESTELIONATO  FRAUDE COM A UTILIZACAO DE ATIVOS VIRTUAIS VALORES MOBILIARIOS OU ATIVOS FINANCEIROS,jul 2025,6
ESTELIONATO  FRAUDE COM A UTILIZACAO DE ATIVOS VIRTUAIS VALORES MOBILIARIOS OU ATIVOS FINANCEIROS,ago 2025,5
ESTELIONATO  FRAUDE COM A UTILIZACAO DE ATIVOS VIRTUAIS VALORES MOBILIARIOS OU ATIVOS FINANCEIROS,set 2025,13
ESTELIONATO  FRAUDE COM A UTILIZACAO DE ATIVOS VIRTUAIS VALORES MOBILIARIOS OU ATIVOS FINANCEIROS,out 2025,5
ESTELIONATO  FRAUDE COM A UTILIZACAO DE ATIVOS VIRTUAIS VALORES MOBILIARIOS OU ATIVOS FINANCEIROS,nov 2025,6
ESTELIONATO  FRAUDE COM A UTILIZACAO DE ATIVOS VIRTUAIS VALORES MOBILIARIOS OU ATIVOS FINANCEIROS,jan 2026,1
ESTELIONATO  FRAUDE COM A UTILIZACAO DE ATIVOS VIRTUAIS VALORES MOBILIARIOS OU ATIVOS FINANCEIROS,fev 2026,2
ESTELIONATO  FRAUDE ELETRONICA,jan 2024,3
ESTELIONATO  FRAUDE ELETRONICA,fev 2024,8
ESTELIONATO  FRAUDE ELETRONICA,mar 2024,3
ESTELIONATO  FRAUDE ELETRONICA,abr 2024,3
ESTELIONATO  FRAUDE ELETRONICA,mai 2024,7
ESTELIONATO  FRAUDE ELETRONICA,jun 2024,10
ESTELIONATO  FRAUDE ELETRONICA,jul 2024,16
ESTELIONATO  FRAUDE ELETRONICA,ago 2024,9
ESTELIONATO  FRAUDE ELETRONICA,set 2024,4
ESTELIONATO  FRAUDE ELETRONICA,out 2024,5
ESTELIONATO  FRAUDE ELETRONICA,nov 2024,6
ESTELIONATO  FRAUDE ELETRONICA,dez 2024,3
ESTELIONATO  FRAUDE ELETRONICA,jan 2025,4
ESTELIONATO  FRAUDE ELETRONICA,fev 2025,5
ESTELIONATO  FRAUDE ELETRONICA,mar 2025,5
ESTELIONATO  FRAUDE ELETRONICA,abr 2025,7
ESTELIONATO  FRAUDE ELETRONICA,mai 2025,8
ESTELIONATO  FRAUDE ELETRONICA,jun 2025,7
ESTELIONATO  FRAUDE ELETRONICA,jul 2025,11
ESTELIONATO  FRAUDE ELETRONICA,ago 2025,5
ESTELIONATO  FRAUDE ELETRONICA,set 2025,6
ESTELIONATO  FRAUDE ELETRONICA,out 2025,5
ESTELIONATO  FRAUDE ELETRONICA,nov 2025,6
ESTELIONATO  FRAUDE ELETRONICA,dez 2025,14
ESTELIONATO  FRAUDE ELETRONICA,jan 2026,13
ESTELIONATO  FRAUDE ELETRONICA,fev 2026,9
ESTELIONATO  FRAUDE ELETRONICA,mar 2026,13
ESTELIONATO  FRAUDE ELETRONICA,abr 2026,8
ESTELIONATO  FRAUDE ELETRONICA,mai 2026,11
ESTUPRO,mai 2024,1
ESTUPRO,abr 2025,1
ESTUPRO,out 2025,1
ESTUPRO,fev 2026,2
ESTUPRO,mai 2026,1
ESTUPRO DE VULNERAVEL,fev 2024,2
ESTUPRO DE VULNERAVEL,mar 2024,1
ESTUPRO DE VULNERAVEL,jun 2024,1
ESTUPRO DE VULNERAVEL,jul 2024,1
ESTUPRO DE VULNERAVEL,ago 2024,1
ESTUPRO DE VULNERAVEL,out 2024,1
ESTUPRO DE VULNERAVEL,fev 2025,1
ESTUPRO DE VULNERAVEL,ago 2025,1
ESTUPRO DE VULNERAVEL,set 2025,1
ESTUPRO DE VULNERAVEL,jan 2026,2
EXERCICIO ARBITRARIO PROPRIAS RAZOES,jul 2025,1
EXERCICIO ARBITRARIO PROPRIAS RAZOES,ago 2025,1
EXERCICIO ILEGAL DA PROFISSAO,ago 2024,1
EXERCICIO ILEGAL DA PROFISSAO,fev 2025,2
EXERCICIO ILEGAL DA PROFISSAO,jun 2025,1
EXTORSAO,fev 2024,3
EXTORSAO,mar 2024,1
EXTORSAO,abr 2024,1
EXTORSAO,jun 2024,1
EXTORSAO,ago 2024,1
EXTORSAO,set 2024,2
EXTORSAO,dez 2024,2
EXTORSAO,jan 2025,1
EXTORSAO,fev 2025,1
EXTORSAO,abr 2025,2
EXTORSAO,mai 2025,3
EXTORSAO,jun 2025,1
EXTORSAO,ago 2025,1
EXTORSAO,set 2025,3
EXTORSAO,out 2025,1
EXTORSAO,dez 2025,1
EXTORSAO,jan 2026,1
EXTORSAO,fev 2026,1
EXTORSAO,mar 2026,1
EXTORSAO,abr 2026,1
EXTORSAO,mai 2026,1
EXTORSAO MEDIANTE SEQUESTRO,mar 2025,1
EXTORSAO MEDIANTE SEQUESTRO,out 2025,1
FALSA IDENTIDADE,jan 2024,2
FALSA IDENTIDADE,mar 2024,1
FALSA IDENTIDADE,abr 2024,1
FALSA IDENTIDADE,jun 2024,1
FALSA IDENTIDADE,jul 2024,2
FALSA IDENTIDADE,nov 2024,2
FALSA IDENTIDADE,jan 2025,2
FALSA IDENTIDADE,fev 2025,1
FALSA IDENTIDADE,abr 2025,1
FALSA IDENTIDADE,ago 2025,1
FALSA IDENTIDADE,out 2025,2
FALSA IDENTIDADE,nov 2025,1
FALSA IDENTIDADE,dez 2025,2
FALSA IDENTIDADE,jan 2026,1
FALSA IDENTIDADE,fev 2026,1
FALSA IDENTIDADE,mar 2026,1
FALSA IDENTIDADE,mai 2026,2
FALSIDADE IDEOLOGICA,jan 2024,1
FALSIDADE IDEOLOGICA,mar 2024,1
FALSIDADE IDEOLOGICA,abr 2024,2
FALSIDADE IDEOLOGICA,ago 2024,2
FALSIDADE IDEOLOGICA,set 2024,1
FALSIDADE IDEOLOGICA,dez 2024,1
FALSIDADE IDEOLOGICA,fev 2025,2
FALSIDADE IDEOLOGICA,mar 2025,1
FALSIDADE IDEOLOGICA,jul 2025,1
FALSIDADE IDEOLOGICA,dez 2025,1
FALSIDADE IDEOLOGICA,jan 2026,4
FALSIFICACAO DE DOCUMENTOS PARTICULARES,mai 2024,1
FALSIFICACAO DE DOCUMENTOS PARTICULARES,jul 2024,1
FALSIFICACAO DE DOCUMENTOS PARTICULARES,ago 2024,1
FALSIFICACAO DE DOCUMENTOS PARTICULARES,jan 2025,1
FALSIFICACAO DE DOCUMENTOS PARTICULARES,fev 2025,1
FALSIFICACAO DE DOCUMENTOS PARTICULARES,jun 2025,1
FALSIFICACAO DE DOCUMENTOS PARTICULARES,set 2025,1
FALSIFICACAO DE DOCUMENTOS PARTICULARES,jan 2026,1
FALSIFICACAO DE DOCUMENTOS PARTICULARES,fev 2026,1
FALSIFICACAO DE PAPEIS/DOCUMENTOS PUBLICOS,ago 2024,1
FALSIFICACAO DE PAPEIS/DOCUMENTOS PUBLICOS,nov 2024,1
FALSIFICACAO DE PAPEIS/DOCUMENTOS PUBLICOS,fev 2025,1
FALSO TESTEMUNHO OU FALSA PERICIA,jan 2024,1
FALSO TESTEMUNHO OU FALSA PERICIA,ago 2025,1
FALSO TESTEMUNHO OU FALSA PERICIA,jan 2026,1
FAVORECIMENTO DA PROSTITUICAO OU DE OUTRA FORMA DE EXPLORACAO SEXUAL DE CRIANCA OU ADOLESCENTE OU DE VULNERAVEL,jun 2024,1
FRAUDE PROCESSUAL,jan 2026,1
FRAUDE PROCESSUAL,fev 2026,1
FUGA DE LOCAL DE ACIDENTE - ART. 305,jan 2024,5
FUGA DE LOCAL DE ACIDENTE - ART. 305,fev 2024,5
FUGA DE LOCAL DE ACIDENTE - ART. 305,mar 2024,5
FUGA DE LOCAL DE ACIDENTE - ART. 305,abr 2024,4
FUGA DE LOCAL DE ACIDENTE - ART. 305,mai 2024,2
FUGA DE LOCAL DE ACIDENTE - ART. 305,jun 2024,1
FUGA DE LOCAL DE ACIDENTE - ART. 305,jul 2024,2
FUGA DE LOCAL DE ACIDENTE - ART. 305,ago 2024,5
FUGA DE LOCAL DE ACIDENTE - ART. 305,set 2024,2
FUGA DE LOCAL DE ACIDENTE - ART. 305,out 2024,2
FUGA DE LOCAL DE ACIDENTE - ART. 305,nov 2024,2
FUGA DE LOCAL DE ACIDENTE - ART. 305,dez 2024,3
FUGA DE LOCAL DE ACIDENTE - ART. 305,jan 2025,2
FUGA DE LOCAL DE ACIDENTE - ART. 305,fev 2025,4
FUGA DE LOCAL DE ACIDENTE - ART. 305,mar 2025,3
FUGA DE LOCAL DE ACIDENTE - ART. 305,abr 2025,6
FUGA DE LOCAL DE ACIDENTE - ART. 305,mai 2025,4
FUGA DE LOCAL DE ACIDENTE - ART. 305,jun 2025,4
FUGA DE LOCAL DE ACIDENTE - ART. 305,jul 2025,3
FUGA DE LOCAL DE ACIDENTE - ART. 305,ago 2025,2
FUGA DE LOCAL DE ACIDENTE - ART. 305,set 2025,2
FUGA DE LOCAL DE ACIDENTE - ART. 305,out 2025,5
FUGA DE LOCAL DE ACIDENTE - ART. 305,nov 2025,4
FUGA DE LOCAL DE ACIDENTE - ART. 305,fev 2026,2
FUGA DE LOCAL DE ACIDENTE - ART. 305,mar 2026,2
FUGA DE LOCAL DE ACIDENTE - ART. 305,abr 2026,2
FUGA DE LOCAL DE ACIDENTE - ART. 305,mai 2026,1
FURTO DE ARMA,mar 2024,1
FURTO DE ARMA,jul 2024,1
FURTO DE ARMA,mai 2025,1
FURTO DE ARMA,out 2025,1
FURTO DE CELULAR,jan 2024,23
FURTO DE CELULAR,fev 2024,15
FURTO DE CELULAR,mar 2024,6
FURTO DE CELULAR,abr 2024,16
FURTO DE CELULAR,mai 2024,7
FURTO DE CELULAR,jun 2024,6
FURTO DE CELULAR,jul 2024,5
FURTO DE CELULAR,ago 2024,9
FURTO DE CELULAR,set 2024,8
FURTO DE CELULAR,out 2024,7
FURTO DE CELULAR,nov 2024,8
FURTO DE CELULAR,dez 2024,7
FURTO DE CELULAR,jan 2025,15
FURTO DE CELULAR,fev 2025,11
FURTO DE CELULAR,mar 2025,10
FURTO DE CELULAR,abr 2025,8
FURTO DE CELULAR,mai 2025,10
FURTO DE CELULAR,jun 2025,3
FURTO DE CELULAR,jul 2025,9
FURTO DE CELULAR,ago 2025,7
FURTO DE CELULAR,set 2025,4
FURTO DE CELULAR,out 2025,5
FURTO DE CELULAR,nov 2025,7
FURTO DE CELULAR,dez 2025,4
FURTO DE CELULAR,jan 2026,5
FURTO DE CELULAR,fev 2026,4
FURTO DE CELULAR,mar 2026,9
FURTO DE CELULAR,abr 2026,9
FURTO DE CELULAR,mai 2026,7
FURTO DE COISA COMUM ART 156  SUBTRAIR O CONDOMINO COHERDEIRO OU SOCIO PARA SI OU PARA OUTREM A QUEM LEGITIMAMENTE A DETEM A COISA COMUM,jan 2024,1
FURTO DE COISA COMUM ART 156  SUBTRAIR O CONDOMINO COHERDEIRO OU SOCIO PARA SI OU PARA OUTREM A QUEM LEGITIMAMENTE A DETEM A COISA COMUM,abr 2025,1
FURTO DE DOCUMENTO,jan 2024,3
FURTO DE DOCUMENTO,fev 2024,4
FURTO DE DOCUMENTO,mar 2024,2
FURTO DE DOCUMENTO,abr 2024,3
FURTO DE DOCUMENTO,mai 2024,2
FURTO DE DOCUMENTO,jun 2024,2
FURTO DE DOCUMENTO,jul 2024,2
FURTO DE DOCUMENTO,ago 2024,3
FURTO DE DOCUMENTO,set 2024,4
FURTO DE DOCUMENTO,out 2024,4
FURTO DE DOCUMENTO,nov 2024,5
FURTO DE DOCUMENTO,dez 2024,3
FURTO DE DOCUMENTO,jan 2025,7
FURTO DE DOCUMENTO,fev 2025,8
FURTO DE DOCUMENTO,mar 2025,6
FURTO DE DOCUMENTO,abr 2025,5
FURTO DE DOCUMENTO,mai 2025,8
FURTO DE DOCUMENTO,jun 2025,4
FURTO DE DOCUMENTO,jul 2025,2
FURTO DE DOCUMENTO,ago 2025,3
FURTO DE DOCUMENTO,set 2025,4
FURTO DE DOCUMENTO,out 2025,3
FURTO DE DOCUMENTO,nov 2025,4
FURTO DE DOCUMENTO,dez 2025,3
FURTO DE DOCUMENTO,jan 2026,1
FURTO DE DOCUMENTO,fev 2026,6
FURTO DE DOCUMENTO,abr 2026,3
FURTO DE DOCUMENTO,mai 2026,2
FURTO DE FIOS E CABOS,jan 2024,4
FURTO DE FIOS E CABOS,fev 2024,1
FURTO DE FIOS E CABOS,mar 2024,2
FURTO DE FIOS E CABOS,abr 2024,1
FURTO DE FIOS E CABOS,mai 2024,1
FURTO DE FIOS E CABOS,jun 2024,2
FURTO DE FIOS E CABOS,jul 2024,6
FURTO DE FIOS E CABOS,ago 2024,1
FURTO DE FIOS E CABOS,set 2024,3
FURTO DE FIOS E CABOS,nov 2024,3
FURTO DE FIOS E CABOS,jan 2025,2
FURTO DE FIOS E CABOS,mar 2025,5
FURTO DE FIOS E CABOS,abr 2025,6
FURTO DE FIOS E CABOS,mai 2025,1
FURTO DE FIOS E CABOS,jun 2025,1
FURTO DE FIOS E CABOS,jul 2025,2
FURTO DE FIOS E CABOS,ago 2025,1
FURTO DE FIOS E CABOS,set 2025,7
FURTO DE FIOS E CABOS,out 2025,4
FURTO DE FIOS E CABOS,nov 2025,12
FURTO DE FIOS E CABOS,dez 2025,11
FURTO DE FIOS E CABOS,jan 2026,2
FURTO DE FIOS E CABOS,fev 2026,5
FURTO DE FIOS E CABOS,mar 2026,2
FURTO DE FIOS E CABOS,abr 2026,5
FURTO DE FIOS E CABOS,mai 2026,8
FURTO DE VEICULO,jan 2024,1
FURTO DE VEICULO,fev 2024,3
FURTO DE VEICULO,mar 2024,5
FURTO DE VEICULO,abr 2024,1
FURTO DE VEICULO,mai 2024,3
FURTO DE VEICULO,jun 2024,3
FURTO DE VEICULO,jul 2024,1
FURTO DE VEICULO,ago 2024,1
FURTO DE VEICULO,set 2024,2
FURTO DE VEICULO,out 2024,3
FURTO DE VEICULO,nov 2024,1
FURTO DE VEICULO,dez 2024,3
FURTO DE VEICULO,jan 2025,2
FURTO DE VEICULO,fev 2025,1
FURTO DE VEICULO,mar 2025,2
FURTO DE VEICULO,abr 2025,1
FURTO DE VEICULO,mai 2025,5
FURTO DE VEICULO,jun 2025,1
FURTO DE VEICULO,jul 2025,7
FURTO DE VEICULO,ago 2025,5
FURTO DE VEICULO,set 2025,4
FURTO DE VEICULO,out 2025,3
FURTO DE VEICULO,nov 2025,5
FURTO DE VEICULO,dez 2025,3
FURTO DE VEICULO,jan 2026,1
FURTO DE VEICULO,fev 2026,1
FURTO DE VEICULO,mar 2026,4
FURTO DE VEICULO,abr 2026,3
FURTO DE VEICULO,mai 2026,2
FURTO EM VEICULO,jan 2024,9
FURTO EM VEICULO,fev 2024,5
FURTO EM VEICULO,mar 2024,3
FURTO EM VEICULO,abr 2024,1
FURTO EM VEICULO,mai 2024,2
FURTO EM VEICULO,jun 2024,3
FURTO EM VEICULO,jul 2024,8
FURTO EM VEICULO,ago 2024,2
FURTO EM VEICULO,set 2024,5
FURTO EM VEICULO,out 2024,9
FURTO EM VEICULO,nov 2024,5
FURTO EM VEICULO,dez 2024,8
FURTO EM VEICULO,jan 2025,9
FURTO EM VEICULO,fev 2025,4
FURTO EM VEICULO,mar 2025,5
FURTO EM VEICULO,abr 2025,14
FURTO EM VEICULO,mai 2025,13
FURTO EM VEICULO,jun 2025,7
FURTO EM VEICULO,jul 2025,8
FURTO EM VEICULO,ago 2025,7
FURTO EM VEICULO,set 2025,11
FURTO EM VEICULO,out 2025,3
FURTO EM VEICULO,nov 2025,13
FURTO EM VEICULO,dez 2025,5
FURTO EM VEICULO,jan 2026,5
FURTO EM VEICULO,fev 2026,1
FURTO EM VEICULO,mar 2026,2
FURTO EM VEICULO,abr 2026,7
FURTO EM VEICULO,mai 2026,9
FURTO EM VEICULO - ESTEPE,jan 2024,4
FURTO EM VEICULO - ESTEPE,fev 2024,6
FURTO EM VEICULO - ESTEPE,mar 2024,3
FURTO EM VEICULO - ESTEPE,abr 2024,2
FURTO EM VEICULO - ESTEPE,jun 2024,1
FURTO EM VEICULO - ESTEPE,jul 2024,1
FURTO EM VEICULO - ESTEPE,ago 2024,2
FURTO EM VEICULO - ESTEPE,set 2024,2
FURTO EM VEICULO - ESTEPE,out 2024,2
FURTO EM VEICULO - ESTEPE,nov 2024,9
FURTO EM VEICULO - ESTEPE,dez 2024,5
FURTO EM VEICULO - ESTEPE,jan 2025,9
FURTO EM VEICULO - ESTEPE,fev 2025,5
FURTO EM VEICULO - ESTEPE,mar 2025,7
FURTO EM VEICULO - ESTEPE,abr 2025,11
FURTO EM VEICULO - ESTEPE,mai 2025,13
FURTO EM VEICULO - ESTEPE,jun 2025,7
FURTO EM VEICULO - ESTEPE,jul 2025,5
FURTO EM VEICULO - ESTEPE,ago 2025,9
FURTO EM VEICULO - ESTEPE,set 2025,4
FURTO EM VEICULO - ESTEPE,out 2025,10
FURTO EM VEICULO - ESTEPE,nov 2025,4
FURTO EM VEICULO - ESTEPE,dez 2025,9
FURTO EM VEICULO - ESTEPE,jan 2026,3
FURTO EM VEICULO - ESTEPE,fev 2026,2
FURTO EM VEICULO - ESTEPE,mar 2026,3
FURTO EM VEICULO - ESTEPE,abr 2026,2
FURTO EM VEICULO - ESTEPE,mai 2026,5
FURTO QUALIFICADO,jan 2024,10
FURTO QUALIFICADO,fev 2024,8
FURTO QUALIFICADO,mar 2024,11
FURTO QUALIFICADO,abr 2024,12
FURTO QUALIFICADO,mai 2024,5
FURTO QUALIFICADO,jun 2024,1
FURTO QUALIFICADO,jul 2024,8
FURTO QUALIFICADO,ago 2024,6
FURTO QUALIFICADO,set 2024,9
FURTO QUALIFICADO,out 2024,12
FURTO QUALIFICADO,nov 2024,9
FURTO QUALIFICADO,dez 2024,6
FURTO QUALIFICADO,jan 2025,10
FURTO QUALIFICADO,fev 2025,6
FURTO QUALIFICADO,mar 2025,4
FURTO QUALIFICADO,abr 2025,5
FURTO QUALIFICADO,mai 2025,8
FURTO QUALIFICADO,jun 2025,5
FURTO QUALIFICADO,jul 2025,3
FURTO QUALIFICADO,ago 2025,5
FURTO QUALIFICADO,set 2025,11
FURTO QUALIFICADO,out 2025,4
FURTO QUALIFICADO,nov 2025,2
FURTO QUALIFICADO,dez 2025,6
FURTO QUALIFICADO,jan 2026,5
FURTO QUALIFICADO,fev 2026,3
FURTO QUALIFICADO,mar 2026,7
FURTO QUALIFICADO,abr 2026,7
FURTO QUALIFICADO,mai 2026,2
FURTO SIMPLES,jan 2024,13
FURTO SIMPLES,fev 2024,9
FURTO SIMPLES,mar 2024,19
FURTO SIMPLES,abr 2024,12
FURTO SIMPLES,mai 2024,7
FURTO SIMPLES,jun 2024,10
FURTO SIMPLES,jul 2024,3
FURTO SIMPLES,ago 2024,12
FURTO SIMPLES,set 2024,14
FURTO SIMPLES,out 2024,16
FURTO SIMPLES,nov 2024,15
FURTO SIMPLES,dez 2024,9
FURTO SIMPLES,jan 2025,8
FURTO SIMPLES,fev 2025,7
FURTO SIMPLES,mar 2025,10
FURTO SIMPLES,abr 2025,8
FURTO SIMPLES,mai 2025,9
FURTO SIMPLES,jun 2025,10
FURTO SIMPLES,jul 2025,8
FURTO SIMPLES,ago 2025,11
FURTO SIMPLES,set 2025,8
FURTO SIMPLES,out 2025,5
FURTO SIMPLES,nov 2025,7
FURTO SIMPLES,dez 2025,10
FURTO SIMPLES,jan 2026,5
FURTO SIMPLES,fev 2026,4
FURTO SIMPLES,mar 2026,14
FURTO SIMPLES,abr 2026,4
FURTO SIMPLES,mai 2026,6
FURTO SIMPLES EM RESIDENCIA,jan 2024,2
FURTO SIMPLES EM RESIDENCIA,fev 2024,3
FURTO SIMPLES EM RESIDENCIA,abr 2024,1
FURTO SIMPLES EM RESIDENCIA,jun 2024,2
FURTO SIMPLES EM RESIDENCIA,ago 2024,2
FURTO SIMPLES EM RESIDENCIA,dez 2024,1
FURTO SIMPLES EM RESIDENCIA,jan 2025,1
FURTO SIMPLES EM RESIDENCIA,mar 2025,1
FURTO SIMPLES EM RESIDENCIA,jul 2025,1
FURTO SIMPLES EM RESIDENCIA,set 2025,1
FURTO SIMPLES EM RESIDENCIA,out 2025,1
FURTO SIMPLES EM RESIDENCIA,jan 2026,1
FURTO/ARROMBAMENTO,jan 2024,4
FURTO/ARROMBAMENTO,mar 2024,3
FURTO/ARROMBAMENTO,mai 2024,3
FURTO/ARROMBAMENTO,jun 2024,1
FURTO/ARROMBAMENTO,jul 2024,2
FURTO/ARROMBAMENTO,set 2024,5
FURTO/ARROMBAMENTO,out 2024,2
FURTO/ARROMBAMENTO,nov 2024,1
FURTO/ARROMBAMENTO,dez 2024,1
FURTO/ARROMBAMENTO,fev 2025,1
FURTO/ARROMBAMENTO,mar 2025,2
FURTO/ARROMBAMENTO,abr 2025,2
FURTO/ARROMBAMENTO,mai 2025,1
FURTO/ARROMBAMENTO,jul 2025,1
FURTO/ARROMBAMENTO,ago 2025,1
FURTO/ARROMBAMENTO,set 2025,1
FURTO/ARROMBAMENTO,out 2025,2
FURTO/ARROMBAMENTO,nov 2025,2
FURTO/ARROMBAMENTO,jan 2026,2
FURTO/ARROMBAMENTO,mar 2026,3
FURTO/ARROMBAMENTO,abr 2026,2
FURTO/ARROMBAMENTO,mai 2026,3
FURTO/ARROMBAMENTO A ESTABELECIMENTO DE ENSINO,mar 2024,1
FURTO/ARROMBAMENTO A ESTABELECIMENTO DE ENSINO,jun 2024,5
FURTO/ARROMBAMENTO A ESTABELECIMENTO DE ENSINO,out 2025,1
FURTO/ARROMBAMENTO A ESTABELECIMENTO DE ENSINO,nov 2025,1
FURTO/ARROMBAMENTO DE RESIDENCIA,jan 2024,3
FURTO/ARROMBAMENTO DE RESIDENCIA,fev 2024,2
FURTO/ARROMBAMENTO DE RESIDENCIA,mar 2024,3
FURTO/ARROMBAMENTO DE RESIDENCIA,abr 2024,3
FURTO/ARROMBAMENTO DE RESIDENCIA,mai 2024,5
FURTO/ARROMBAMENTO DE RESIDENCIA,jun 2024,4
FURTO/ARROMBAMENTO DE RESIDENCIA,jul 2024,2
FURTO/ARROMBAMENTO DE RESIDENCIA,ago 2024,3
FURTO/ARROMBAMENTO DE RESIDENCIA,set 2024,2
FURTO/ARROMBAMENTO DE RESIDENCIA,out 2024,3
FURTO/ARROMBAMENTO DE RESIDENCIA,dez 2024,1
FURTO/ARROMBAMENTO DE RESIDENCIA,jan 2025,1
FURTO/ARROMBAMENTO DE RESIDENCIA,fev 2025,4
FURTO/ARROMBAMENTO DE RESIDENCIA,abr 2025,1
FURTO/ARROMBAMENTO DE RESIDENCIA,ago 2025,3
FURTO/ARROMBAMENTO DE RESIDENCIA,nov 2025,3
FURTO/ARROMBAMENTO DE RESIDENCIA,dez 2025,1
FURTO/ARROMBAMENTO DE RESIDENCIA,jan 2026,2
FURTO/ARROMBAMENTO DE RESIDENCIA,fev 2026,2
FURTO/ARROMBAMENTO DE RESIDENCIA,abr 2026,2
FURTO/ARROMBAMENTO ESTABELECIMENTO COMERCIAL,jan 2024,5
FURTO/ARROMBAMENTO ESTABELECIMENTO COMERCIAL,mar 2024,5
FURTO/ARROMBAMENTO ESTABELECIMENTO COMERCIAL,abr 2024,5
FURTO/ARROMBAMENTO ESTABELECIMENTO COMERCIAL,mai 2024,2
FURTO/ARROMBAMENTO ESTABELECIMENTO COMERCIAL,jun 2024,3
FURTO/ARROMBAMENTO ESTABELECIMENTO COMERCIAL,jul 2024,2
FURTO/ARROMBAMENTO ESTABELECIMENTO COMERCIAL,ago 2024,3
FURTO/ARROMBAMENTO ESTABELECIMENTO COMERCIAL,set 2024,3
FURTO/ARROMBAMENTO ESTABELECIMENTO COMERCIAL,out 2024,1
FURTO/ARROMBAMENTO ESTABELECIMENTO COMERCIAL,nov 2024,1
FURTO/ARROMBAMENTO ESTABELECIMENTO COMERCIAL,dez 2024,7
FURTO/ARROMBAMENTO ESTABELECIMENTO COMERCIAL,mar 2025,2
FURTO/ARROMBAMENTO ESTABELECIMENTO COMERCIAL,abr 2025,1
FURTO/ARROMBAMENTO ESTABELECIMENTO COMERCIAL,mai 2025,3
FURTO/ARROMBAMENTO ESTABELECIMENTO COMERCIAL,jun 2025,2
FURTO/ARROMBAMENTO ESTABELECIMENTO COMERCIAL,ago 2025,1
FURTO/ARROMBAMENTO ESTABELECIMENTO COMERCIAL,set 2025,4
FURTO/ARROMBAMENTO ESTABELECIMENTO COMERCIAL,out 2025,4
FURTO/ARROMBAMENTO ESTABELECIMENTO COMERCIAL,nov 2025,2
FURTO/ARROMBAMENTO ESTABELECIMENTO COMERCIAL,dez 2025,2
FURTO/ARROMBAMENTO ESTABELECIMENTO COMERCIAL,jan 2026,2
FURTO/ARROMBAMENTO ESTABELECIMENTO COMERCIAL,fev 2026,1
FURTO/ARROMBAMENTO ESTABELECIMENTO COMERCIAL,mar 2026,2
FURTO/ARROMBAMENTO ESTABELECIMENTO COMERCIAL,abr 2026,2
FURTO/ARROMBAMENTO ESTABELECIMENTO COMERCIAL,mai 2026,1
HOMICIDIO CULPOSO DIRECAO VEIC AUTOMOTOR,dez 2025,1
HOMOFOBIA TRANSFOBIA,jan 2024,1
HOMOFOBIA TRANSFOBIA,mai 2024,1
HOMOFOBIA TRANSFOBIA,jul 2024,2
HOMOFOBIA TRANSFOBIA,set 2024,1
HOMOFOBIA TRANSFOBIA,nov 2024,1
HOMOFOBIA TRANSFOBIA,dez 2024,1
HOMOFOBIA TRANSFOBIA,jan 2025,1
HOMOFOBIA TRANSFOBIA,fev 2025,1
HOMOFOBIA TRANSFOBIA,abr 2025,1
HOMOFOBIA TRANSFOBIA,set 2025,1
HOMOFOBIA TRANSFOBIA,dez 2025,1
IMPORTUNACAO SEXUAL,jan 2024,2
IMPORTUNACAO SEXUAL,fev 2024,2
IMPORTUNACAO SEXUAL,mar 2024,1
IMPORTUNACAO SEXUAL,abr 2024,2
IMPORTUNACAO SEXUAL,jun 2024,1
IMPORTUNACAO SEXUAL,ago 2024,2
IMPORTUNACAO SEXUAL,set 2024,2
IMPORTUNACAO SEXUAL,dez 2024,1
IMPORTUNACAO SEXUAL,fev 2025,1
IMPORTUNACAO SEXUAL,mar 2025,2
IMPORTUNACAO SEXUAL,mai 2025,1
IMPORTUNACAO SEXUAL,jul 2025,1
IMPORTUNACAO SEXUAL,ago 2025,1
IMPORTUNACAO SEXUAL,set 2025,1
IMPORTUNACAO SEXUAL,out 2025,1
IMPORTUNACAO SEXUAL,nov 2025,1
IMPORTUNACAO SEXUAL,dez 2025,1
IMPORTUNACAO SEXUAL,mar 2026,4
IMPORTUNACAO SEXUAL,mai 2026,2
INCENDIO CULPOSO,out 2024,1
INCENDIO CULPOSO,dez 2024,1
INCENDIO CULPOSO,jan 2025,1
INCENDIO CULPOSO,mar 2025,2
INCENDIO CULPOSO,abr 2025,1
INCENDIO CULPOSO,jun 2025,1
INCENDIO CULPOSO,nov 2025,1
INCENDIO DOLOSO,mai 2025,1
INJURIA,jan 2024,2
INJURIA,fev 2024,3
INJURIA,mar 2024,4
INJURIA,abr 2024,8
INJURIA,mai 2024,1
INJURIA,jun 2024,5
INJURIA,jul 2024,3
INJURIA,ago 2024,7
INJURIA,set 2024,9
INJURIA,out 2024,2
INJURIA,nov 2024,4
INJURIA,dez 2024,4
INJURIA,jan 2025,8
INJURIA,fev 2025,1
INJURIA,mar 2025,6
INJURIA,abr 2025,5
INJURIA,mai 2025,6
INJURIA,jun 2025,2
INJURIA,jul 2025,2
INJURIA,ago 2025,4
INJURIA,set 2025,4
INJURIA,out 2025,4
INJURIA,nov 2025,3
INJURIA,dez 2025,3
INJURIA,jan 2026,4
INJURIA,fev 2026,3
INJURIA,mar 2026,3
INJURIA,abr 2026,9
INJURIA,mai 2026,3
INJURIA DISCRIMINATORIA,fev 2024,1
INJURIA DISCRIMINATORIA,nov 2024,1
INJURIA DISCRIMINATORIA,jan 2025,1
INJURIA DISCRIMINATORIA,mar 2025,1
INJURIA DISCRIMINATORIA,abr 2025,1
INJURIA DISCRIMINATORIA,mai 2025,1
INJURIA DISCRIMINATORIA,ago 2025,1
INJURIA DISCRIMINATORIA,set 2025,1
INJURIA DISCRIMINATORIA,dez 2025,1
INJURIA DISCRIMINATORIA,jan 2026,1
INJURIA DISCRIMINATORIA,fev 2026,1
INJURIA DISCRIMINATORIA,mar 2026,1
INJURIA DISCRIMINATORIA,mai 2026,1
INJURIA QUALIFICADA  RACA COR ETNIA RELIGIAO OU ORIGEM,abr 2025,1
INTIMIDACAO  BULLYING,abr 2024,1
INTIMIDACAO  BULLYING,ago 2024,1
INTIMIDACAO  BULLYING,set 2024,1
INTIMIDACAO  BULLYING,nov 2024,1
INTIMIDACAO  BULLYING,mar 2025,1
INTIMIDACAO  BULLYING,jul 2025,1
INTIMIDACAO  BULLYING,out 2025,1
INTIMIDACAO  BULLYING,nov 2025,1
INTIMIDACAO  BULLYING,abr 2026,1
INVASAO DE DISPOSITIVO INFORMATICO,jan 2024,2
INVASAO DE DISPOSITIVO INFORMATICO,fev 2024,1
INVASAO DE DISPOSITIVO INFORMATICO,mar 2024,2
INVASAO DE DISPOSITIVO INFORMATICO,jul 2024,1
INVASAO DE DISPOSITIVO INFORMATICO,ago 2024,1
INVASAO DE DISPOSITIVO INFORMATICO,set 2024,3
INVASAO DE DISPOSITIVO INFORMATICO,out 2024,1
INVASAO DE DISPOSITIVO INFORMATICO,dez 2024,1
INVASAO DE DISPOSITIVO INFORMATICO,jan 2025,2
INVASAO DE DISPOSITIVO INFORMATICO,fev 2025,1
INVASAO DE DISPOSITIVO INFORMATICO,mar 2025,3
INVASAO DE DISPOSITIVO INFORMATICO,mai 2025,2
INVASAO DE DISPOSITIVO INFORMATICO,jun 2025,3
INVASAO DE DISPOSITIVO INFORMATICO,ago 2025,3
INVASAO DE DISPOSITIVO INFORMATICO,set 2025,2
INVASAO DE DISPOSITIVO INFORMATICO,out 2025,2
INVASAO DE DISPOSITIVO INFORMATICO,nov 2025,2
INVASAO DE DISPOSITIVO INFORMATICO,dez 2025,1
INVASAO DE DISPOSITIVO INFORMATICO,fev 2026,1
INVASAO DE DISPOSITIVO INFORMATICO,abr 2026,1
JOGOS DE AZAR,mar 2024,1
JOGOS DE AZAR,ago 2024,1
JOGOS DE AZAR,jul 2025,1
JOGOS DE AZAR,fev 2026,2
LESAO CORPORAL,jan 2024,9
LESAO CORPORAL,fev 2024,6
LESAO CORPORAL,mar 2024,8
LESAO CORPORAL,abr 2024,7
LESAO CORPORAL,mai 2024,8
LESAO CORPORAL,jun 2024,5
LESAO CORPORAL,jul 2024,5
LESAO CORPORAL,ago 2024,8
LESAO CORPORAL,set 2024,7
LESAO CORPORAL,out 2024,8
LESAO CORPORAL,nov 2024,8
LESAO CORPORAL,dez 2024,7
LESAO CORPORAL,jan 2025,7
LESAO CORPORAL,fev 2025,6
LESAO CORPORAL,mar 2025,14
LESAO CORPORAL,abr 2025,9
LESAO CORPORAL,mai 2025,6
LESAO CORPORAL,jun 2025,10
LESAO CORPORAL,jul 2025,6
LESAO CORPORAL,ago 2025,8
LESAO CORPORAL,set 2025,4
LESAO CORPORAL,out 2025,9
LESAO CORPORAL,nov 2025,10
LESAO CORPORAL,dez 2025,8
LESAO CORPORAL,jan 2026,12
LESAO CORPORAL,fev 2026,8
LESAO CORPORAL,mar 2026,7
LESAO CORPORAL,abr 2026,3
LESAO CORPORAL,mai 2026,1
LESAO CORPORAL CULPOSA,ago 2024,1
LESAO CORPORAL CULPOSA,nov 2024,1
LESAO CORPORAL CULPOSA,dez 2024,1
LESAO CORPORAL CULPOSA,mai 2025,1
LESAO CORPORAL CULPOSA,ago 2025,1
LESAO CORPORAL CULPOSA,set 2025,1
LESAO CORPORAL CULPOSA,abr 2026,1
LESAO CORPORAL CULPOSA DIRECAO VEIC AUTOMOTOR,jan 2024,4
LESAO CORPORAL CULPOSA DIRECAO VEIC AUTOMOTOR,fev 2024,4
LESAO CORPORAL CULPOSA DIRECAO VEIC AUTOMOTOR,mar 2024,7
LESAO CORPORAL CULPOSA DIRECAO VEIC AUTOMOTOR,abr 2024,6
LESAO CORPORAL CULPOSA DIRECAO VEIC AUTOMOTOR,mai 2024,7
LESAO CORPORAL CULPOSA DIRECAO VEIC AUTOMOTOR,jun 2024,2
LESAO CORPORAL CULPOSA DIRECAO VEIC AUTOMOTOR,jul 2024,9
LESAO CORPORAL CULPOSA DIRECAO VEIC AUTOMOTOR,ago 2024,3
LESAO CORPORAL CULPOSA DIRECAO VEIC AUTOMOTOR,set 2024,9
LESAO CORPORAL CULPOSA DIRECAO VEIC AUTOMOTOR,out 2024,10
LESAO CORPORAL CULPOSA DIRECAO VEIC AUTOMOTOR,nov 2024,9
LESAO CORPORAL CULPOSA DIRECAO VEIC AUTOMOTOR,dez 2024,8
LESAO CORPORAL CULPOSA DIRECAO VEIC AUTOMOTOR,jan 2025,8
LESAO CORPORAL CULPOSA DIRECAO VEIC AUTOMOTOR,fev 2025,4
LESAO CORPORAL CULPOSA DIRECAO VEIC AUTOMOTOR,mar 2025,8
LESAO CORPORAL CULPOSA DIRECAO VEIC AUTOMOTOR,abr 2025,10
LESAO CORPORAL CULPOSA DIRECAO VEIC AUTOMOTOR,mai 2025,8
LESAO CORPORAL CULPOSA DIRECAO VEIC AUTOMOTOR,jun 2025,10
LESAO CORPORAL CULPOSA DIRECAO VEIC AUTOMOTOR,jul 2025,8
LESAO CORPORAL CULPOSA DIRECAO VEIC AUTOMOTOR,ago 2025,6
LESAO CORPORAL CULPOSA DIRECAO VEIC AUTOMOTOR,set 2025,8
LESAO CORPORAL CULPOSA DIRECAO VEIC AUTOMOTOR,out 2025,11
LESAO CORPORAL CULPOSA DIRECAO VEIC AUTOMOTOR,nov 2025,7
LESAO CORPORAL CULPOSA DIRECAO VEIC AUTOMOTOR,dez 2025,8
LESAO CORPORAL CULPOSA DIRECAO VEIC AUTOMOTOR,jan 2026,6
LESAO CORPORAL CULPOSA DIRECAO VEIC AUTOMOTOR,fev 2026,5
LESAO CORPORAL CULPOSA DIRECAO VEIC AUTOMOTOR,mar 2026,4
LESAO CORPORAL CULPOSA DIRECAO VEIC AUTOMOTOR,abr 2026,7
LESAO CORPORAL CULPOSA DIRECAO VEIC AUTOMOTOR,mai 2026,5
LESAO CORPORAL GRAVE,out 2024,1
LESAO CORPORAL GRAVE,dez 2025,1
LESAO CORPORAL LEVE,set 2024,1
LESAO CORPORAL LEVE,out 2024,1
LESAO CORPORAL LEVE,nov 2024,1
LESAO CORPORAL LEVE,dez 2024,1
LESAO CORPORAL LEVE,jan 2025,1
LESAO CORPORAL LEVE,abr 2025,1
LESAO CORPORAL LEVE,jan 2026,1
LESAO CORPORAL LEVE,mai 2026,1
LESAO CORPORAL SEGUIDA DE MORTE,dez 2024,1
MAUS TRATOS,mai 2024,1
MAUS TRATOS,dez 2024,1
MAUS TRATOS,jan 2025,1
MAUS TRATOS,fev 2025,1
MAUS TRATOS,mar 2025,1
MAUS TRATOS,abr 2025,1
MAUS TRATOS,set 2025,5
MAUS TRATOS,out 2025,1
MAUS TRATOS,jan 2026,1
MAUS TRATOS,mar 2026,1
MAUS TRATOS,abr 2026,2
MAUS TRATOS CONTRA ANIMAIS,abr 2026,2
MAUS TRATOS CONTRA ANIMAIS,mai 2026,1
MAUS TRATOS CONTRA O IDOSO,jan 2024,1
MAUS TRATOS CONTRA O IDOSO,fev 2024,1
MAUS TRATOS CONTRA O IDOSO,mar 2024,2
MAUS TRATOS CONTRA O IDOSO,abr 2024,1
MAUS TRATOS CONTRA O IDOSO,abr 2025,1
MAUS TRATOS CONTRA O IDOSO,ago 2025,1
MAUS TRATOS CONTRA O IDOSO,out 2025,1
OMISSAO DE CAUTELA NA GUARDA OU CONDUCAO DE ANIMAIS,mar 2024,1
OMISSAO DE CAUTELA NA GUARDA OU CONDUCAO DE ANIMAIS,jan 2025,1
OMISSAO DE CAUTELA NA GUARDA OU CONDUCAO DE ANIMAIS,fev 2025,1
OMISSAO DE CAUTELA NA GUARDA OU CONDUCAO DE ANIMAIS,abr 2025,2
OMISSAO DE CAUTELA NA GUARDA OU CONDUCAO DE ANIMAIS,set 2025,1
OMISSAO DE CAUTELA NA GUARDA OU CONDUCAO DE ANIMAIS,nov 2025,2
OMISSAO DE CAUTELA NA GUARDA OU CONDUCAO DE ANIMAIS,fev 2026,1
OMISSAO DE SOCORRO  ART 304 DO CTB,fev 2026,1
ORGANIZACAO CRIMINOSA ART 2 DA LEI 12850 DE 2013,jun 2025,1
OUTRAS FRAUDES,jan 2024,12
OUTRAS FRAUDES,fev 2024,4
OUTRAS FRAUDES,mar 2024,15
OUTRAS FRAUDES,abr 2024,9
OUTRAS FRAUDES,mai 2024,11
OUTRAS FRAUDES,jun 2024,10
OUTRAS FRAUDES,jul 2024,11
OUTRAS FRAUDES,ago 2024,10
OUTRAS FRAUDES,set 2024,5
OUTRAS FRAUDES,out 2024,5
OUTRAS FRAUDES,nov 2024,11
OUTRAS FRAUDES,dez 2024,11
OUTRAS FRAUDES,jan 2025,5
OUTRAS FRAUDES,fev 2025,7
OUTRAS FRAUDES,mar 2025,10
OUTRAS FRAUDES,abr 2025,6
OUTRAS FRAUDES,mai 2025,11
OUTRAS FRAUDES,jun 2025,16
OUTRAS FRAUDES,jul 2025,9
OUTRAS FRAUDES,ago 2025,8
OUTRAS FRAUDES,set 2025,12
OUTRAS FRAUDES,out 2025,6
OUTRAS FRAUDES,nov 2025,17
OUTRAS FRAUDES,dez 2025,15
OUTRAS FRAUDES,jan 2026,10
OUTRAS FRAUDES,fev 2026,6
OUTRAS FRAUDES,mar 2026,7
OUTRAS FRAUDES,abr 2026,7
OUTRAS FRAUDES,mai 2026,6
OUTROS CRIMES,jan 2024,6
OUTROS CRIMES,fev 2024,6
OUTROS CRIMES,mar 2024,13
OUTROS CRIMES,abr 2024,13
OUTROS CRIMES,mai 2024,8
OUTROS CRIMES,jun 2024,11
OUTROS CRIMES,jul 2024,12
OUTROS CRIMES,ago 2024,13
OUTROS CRIMES,set 2024,16
OUTROS CRIMES,out 2024,29
OUTROS CRIMES,nov 2024,18
OUTROS CRIMES,dez 2024,8
OUTROS CRIMES,jan 2025,7
OUTROS CRIMES,fev 2025,14
OUTROS CRIMES,mar 2025,9
OUTROS CRIMES,abr 2025,10
OUTROS CRIMES,mai 2025,13
OUTROS CRIMES,jun 2025,9
OUTROS CRIMES,jul 2025,6
OUTROS CRIMES,ago 2025,8
OUTROS CRIMES,set 2025,11
OUTROS CRIMES,out 2025,12
OUTROS CRIMES,nov 2025,15
OUTROS CRIMES,dez 2025,10
OUTROS CRIMES,jan 2026,14
OUTROS CRIMES,fev 2026,6
OUTROS CRIMES,mar 2026,11
OUTROS CRIMES,abr 2026,13
OUTROS CRIMES,mai 2026,10
OUTROS CRIMES CONTRA A ADMINISTRACAO PUBLICA,ago 2024,1
OUTROS CRIMES CONTRA A CRIANCA/ADOLESCENTE,jan 2024,2
OUTROS CRIMES CONTRA A CRIANCA/ADOLESCENTE,fev 2024,2
OUTROS CRIMES CONTRA A CRIANCA/ADOLESCENTE,mar 2024,3
OUTROS CRIMES CONTRA A CRIANCA/ADOLESCENTE,abr 2024,2
OUTROS CRIMES CONTRA A CRIANCA/ADOLESCENTE,jun 2024,1
OUTROS CRIMES CONTRA A CRIANCA/ADOLESCENTE,ago 2024,1
OUTROS CRIMES CONTRA A CRIANCA/ADOLESCENTE,set 2024,2
OUTROS CRIMES CONTRA A CRIANCA/ADOLESCENTE,out 2024,1
OUTROS CRIMES CONTRA A CRIANCA/ADOLESCENTE,nov 2024,3
OUTROS CRIMES CONTRA A CRIANCA/ADOLESCENTE,dez 2024,1
OUTROS CRIMES CONTRA A CRIANCA/ADOLESCENTE,fev 2025,1
OUTROS CRIMES CONTRA A CRIANCA/ADOLESCENTE,abr 2025,1
OUTROS CRIMES CONTRA A CRIANCA/ADOLESCENTE,mai 2025,1
OUTROS CRIMES CONTRA A CRIANCA/ADOLESCENTE,jun 2025,1
OUTROS CRIMES CONTRA A CRIANCA/ADOLESCENTE,jul 2025,1
OUTROS CRIMES CONTRA A CRIANCA/ADOLESCENTE,set 2025,1
OUTROS CRIMES CONTRA A CRIANCA/ADOLESCENTE,out 2025,3
OUTROS CRIMES CONTRA A CRIANCA/ADOLESCENTE,fev 2026,3
OUTROS CRIMES CONTRA A CRIANCA/ADOLESCENTE,mar 2026,3
OUTROS CRIMES CONTRA A CRIANCA/ADOLESCENTE,abr 2026,1
OUTROS CRIMES CONTRA A ORGANIZACAO DO TRABALHO,set 2024,1
OUTROS CRIMES CONTRA MEIO AMBIENTE,mar 2026,1
OUTROS CRIMES CONTRA O IDOSO,jan 2024,2
OUTROS CRIMES CONTRA O IDOSO,fev 2024,1
OUTROS CRIMES CONTRA O IDOSO,mar 2024,1
OUTROS CRIMES CONTRA O IDOSO,abr 2024,1
OUTROS CRIMES CONTRA O IDOSO,mai 2024,1
OUTROS CRIMES CONTRA O IDOSO,jun 2024,1
OUTROS CRIMES CONTRA O IDOSO,jul 2024,2
OUTROS CRIMES CONTRA O IDOSO,ago 2024,1
OUTROS CRIMES CONTRA O IDOSO,out 2024,1
OUTROS CRIMES CONTRA O IDOSO,fev 2025,2
OUTROS CRIMES CONTRA O IDOSO,mar 2025,1
OUTROS CRIMES CONTRA O IDOSO,abr 2025,1
OUTROS CRIMES CONTRA O IDOSO,jun 2025,1
OUTROS CRIMES CONTRA O IDOSO,jul 2025,2
OUTROS CRIMES CONTRA O IDOSO,ago 2025,2
OUTROS CRIMES CONTRA O IDOSO,nov 2025,2
OUTROS CRIMES CONTRA O IDOSO,dez 2025,2
OUTROS CRIMES CONTRA O IDOSO,jan 2026,1
OUTROS CRIMES CONTRA O IDOSO,fev 2026,1
OUTROS CRIMES CONTRA O IDOSO,mar 2026,2
OUTROS CRIMES CONTRA O IDOSO,abr 2026,2
OUTROS CRIMES CONTRA RELACAO DE CONSUMO EOU ECONOMIA POPULAR,ago 2024,1
OUTROS CRIMES CONTRA RELACAO DE CONSUMO EOU ECONOMIA POPULAR,set 2024,1
OUTROS CRIMES CONTRA RELACAO DE CONSUMO EOU ECONOMIA POPULAR,nov 2024,1
OUTROS CRIMES CONTRA RELACAO DE CONSUMO EOU ECONOMIA POPULAR,dez 2024,1
OUTROS CRIMES CONTRA RELACAO DE CONSUMO EOU ECONOMIA POPULAR,dez 2025,2
OUTROS CRIMES QUE GERAM TERMOS CIRCUNSTANCIADOS,abr 2026,1
OUTROS FURTOS,jan 2024,9
OUTROS FURTOS,fev 2024,14
OUTROS FURTOS,mar 2024,7
OUTROS FURTOS,abr 2024,8
OUTROS FURTOS,mai 2024,8
OUTROS FURTOS,jun 2024,8
OUTROS FURTOS,jul 2024,11
OUTROS FURTOS,ago 2024,4
OUTROS FURTOS,set 2024,5
OUTROS FURTOS,out 2024,10
OUTROS FURTOS,nov 2024,3
OUTROS FURTOS,dez 2024,9
OUTROS FURTOS,jan 2025,10
OUTROS FURTOS,fev 2025,15
OUTROS FURTOS,mar 2025,13
OUTROS FURTOS,abr 2025,10
OUTROS FURTOS,mai 2025,24
OUTROS FURTOS,jun 2025,14
OUTROS FURTOS,jul 2025,7
OUTROS FURTOS,ago 2025,15
OUTROS FURTOS,set 2025,8
OUTROS FURTOS,out 2025,16
OUTROS FURTOS,nov 2025,8
OUTROS FURTOS,dez 2025,14
OUTROS FURTOS,jan 2026,9
OUTROS FURTOS,fev 2026,7
OUTROS FURTOS,mar 2026,7
OUTROS FURTOS,abr 2026,8
OUTROS FURTOS,mai 2026,11
OUTROS ROUBOS,jan 2024,1
OUTROS ROUBOS,fev 2024,1
OUTROS ROUBOS,mar 2024,1
OUTROS ROUBOS,abr 2024,2
OUTROS ROUBOS,mai 2024,2
OUTROS ROUBOS,jul 2024,1
OUTROS ROUBOS,out 2024,2
OUTROS ROUBOS,nov 2024,1
OUTROS ROUBOS,mar 2025,1
OUTROS ROUBOS,mai 2025,5
OUTROS ROUBOS,jun 2025,3
OUTROS ROUBOS,ago 2025,3
OUTROS ROUBOS,set 2025,3
OUTROS ROUBOS,nov 2025,4
OUTROS ROUBOS,dez 2025,3
OUTROS ROUBOS,jan 2026,1
OUTROS ROUBOS,fev 2026,1
OUTROS ROUBOS,mar 2026,3
OUTROS ROUBOS,abr 2026,3
OUTROS ROUBOS,mai 2026,2
"PERMITIR,CONFIAR,OU ENTREG. DIRECAO A PESSOA S/HABIL.ART 310",fev 2024,1
"PERMITIR,CONFIAR,OU ENTREG. DIRECAO A PESSOA S/HABIL.ART 310",jan 2025,1
"PERMITIR,CONFIAR,OU ENTREG. DIRECAO A PESSOA S/HABIL.ART 310",set 2025,1
"PERMITIR,CONFIAR,OU ENTREG. DIRECAO A PESSOA S/HABIL.ART 310",dez 2025,1
"PERMITIR,CONFIAR,OU ENTREG. DIRECAO A PESSOA S/HABIL.ART 310",jan 2026,1
PERSEGUICAO,jan 2024,2
PERSEGUICAO,fev 2024,1
PERSEGUICAO,mar 2024,1
PERSEGUICAO,abr 2024,2
PERSEGUICAO,mai 2024,1
PERSEGUICAO,jun 2024,2
PERSEGUICAO,jul 2024,2
PERSEGUICAO,ago 2024,1
PERSEGUICAO,set 2024,4
PERSEGUICAO,nov 2024,2
PERSEGUICAO,dez 2024,2
PERSEGUICAO,jan 2025,1
PERSEGUICAO,fev 2025,1
PERSEGUICAO,mar 2025,2
PERSEGUICAO,abr 2025,3
PERSEGUICAO,mai 2025,3
PERSEGUICAO,jul 2025,5
PERSEGUICAO,set 2025,6
PERSEGUICAO,out 2025,3
PERSEGUICAO,dez 2025,3
PERSEGUICAO,jan 2026,2
PERSEGUICAO,fev 2026,4
PERSEGUICAO,mar 2026,9
PERSEGUICAO,abr 2026,2
PERSEGUICAO,mai 2026,1
PERTURBACAO DO TRABALHO OU DO SOSSEGO ALHEIOS,jan 2024,5
PERTURBACAO DO TRABALHO OU DO SOSSEGO ALHEIOS,fev 2024,5
PERTURBACAO DO TRABALHO OU DO SOSSEGO ALHEIOS,mar 2024,4
PERTURBACAO DO TRABALHO OU DO SOSSEGO ALHEIOS,abr 2024,4
PERTURBACAO DO TRABALHO OU DO SOSSEGO ALHEIOS,mai 2024,1
PERTURBACAO DO TRABALHO OU DO SOSSEGO ALHEIOS,jun 2024,4
PERTURBACAO DO TRABALHO OU DO SOSSEGO ALHEIOS,jul 2024,5
PERTURBACAO DO TRABALHO OU DO SOSSEGO ALHEIOS,ago 2024,6
PERTURBACAO DO TRABALHO OU DO SOSSEGO ALHEIOS,set 2024,6
PERTURBACAO DO TRABALHO OU DO SOSSEGO ALHEIOS,out 2024,7
PERTURBACAO DO TRABALHO OU DO SOSSEGO ALHEIOS,nov 2024,6
PERTURBACAO DO TRABALHO OU DO SOSSEGO ALHEIOS,dez 2024,4
PERTURBACAO DO TRABALHO OU DO SOSSEGO ALHEIOS,jan 2025,3
PERTURBACAO DO TRABALHO OU DO SOSSEGO ALHEIOS,fev 2025,7
PERTURBACAO DO TRABALHO OU DO SOSSEGO ALHEIOS,mar 2025,2
PERTURBACAO DO TRABALHO OU DO SOSSEGO ALHEIOS,abr 2025,3
PERTURBACAO DO TRABALHO OU DO SOSSEGO ALHEIOS,mai 2025,4
PERTURBACAO DO TRABALHO OU DO SOSSEGO ALHEIOS,jun 2025,4
PERTURBACAO DO TRABALHO OU DO SOSSEGO ALHEIOS,jul 2025,3
PERTURBACAO DO TRABALHO OU DO SOSSEGO ALHEIOS,ago 2025,4
PERTURBACAO DO TRABALHO OU DO SOSSEGO ALHEIOS,out 2025,2
PERTURBACAO DO TRABALHO OU DO SOSSEGO ALHEIOS,nov 2025,5
PERTURBACAO DO TRABALHO OU DO SOSSEGO ALHEIOS,dez 2025,3
PERTURBACAO DO TRABALHO OU DO SOSSEGO ALHEIOS,jan 2026,3
PERTURBACAO DO TRABALHO OU DO SOSSEGO ALHEIOS,fev 2026,4
PERTURBACAO DO TRABALHO OU DO SOSSEGO ALHEIOS,mar 2026,9
PERTURBACAO DO TRABALHO OU DO SOSSEGO ALHEIOS,abr 2026,3
PERTURBACAO DO TRABALHO OU DO SOSSEGO ALHEIOS,mai 2026,5
PICHAR OU POR OUTRO MEIO CONSPURCAR EDIFICACAO OU MONUMENTO URBANO,abr 2026,1
PORNOGRAFIA INFANTO-JUVENIL,jun 2024,1
PORNOGRAFIA INFANTO-JUVENIL,dez 2025,1
PORNOGRAFIA INFANTO-JUVENIL,abr 2026,1
PORNOGRAFIA INFANTO-JUVENIL,mai 2026,1
PORTE ARMA BRANCA,dez 2024,1
PORTE ILEGAL DE ARMA DE FOGO DE USO PERMITIDO,jan 2024,1
POSSE IRREGULAR DE ARMA DE FOGO DE USO PERMITIDO,fev 2024,1
POSSE IRREGULAR DE ARMA DE FOGO DE USO PERMITIDO,jul 2024,1
POSSE IRREGULAR DE ARMA DE FOGO DE USO PERMITIDO,ago 2024,1
POSSE IRREGULAR DE ARMA DE FOGO DE USO PERMITIDO,jan 2025,1
POSSE OU PORTE ILEGAL DE ARMA DE FOGO DE USO RESTRITO,ago 2024,2
POSSE OU PORTE ILEGAL DE ARMA DE FOGO DE USO RESTRITO,nov 2024,1
POSSE OU PORTE ILEGAL DE ARMA DE FOGO DE USO RESTRITO,dez 2024,1
POSSE OU PORTE ILEGAL DE ARMA DE FOGO DE USO RESTRITO,jul 2025,1
POSSE OU PORTE ILEGAL DE ARMA DE FOGO DE USO RESTRITO,ago 2025,1
POSSE OU PORTE ILEGAL DE ARMA DE FOGO DE USO RESTRITO,nov 2025,1
PRECONCEITO DEFICIENCIA,nov 2024,1
PRECONCEITO ETNIA PROCEDENCIA NACIONAL,ago 2024,1
PRECONCEITO RACA COR,jan 2024,1
PRECONCEITO RACA COR,fev 2024,1
PRECONCEITO RACA COR,abr 2024,1
PRECONCEITO RACA COR,mai 2024,1
PRECONCEITO RACA COR,jun 2024,1
PRECONCEITO RACA COR,jul 2024,2
PRECONCEITO RACA COR,nov 2024,2
PRECONCEITO RACA COR,jan 2025,3
PRECONCEITO RACA COR,jun 2025,1
PRECONCEITO RACA COR,jul 2025,1
PRECONCEITO RACA COR,out 2025,2
PRECONCEITO RACA COR,mar 2026,1
PRECONCEITO RACA COR,abr 2026,1
PRECONCEITO RELIGIAO,jan 2025,1
PRECONCEITO RELIGIAO,jun 2025,1
PRECONCEITO RELIGIAO,jul 2025,1
PRECONCEITO RELIGIAO,dez 2025,1
RECEPTACAO,jan 2024,2
RECEPTACAO,fev 2024,1
RECEPTACAO,mar 2024,2
RECEPTACAO,abr 2024,2
RECEPTACAO,mai 2024,2
RECEPTACAO,jun 2024,2
RECEPTACAO,jul 2024,5
RECEPTACAO,ago 2024,4
RECEPTACAO,set 2024,1
RECEPTACAO,out 2024,3
RECEPTACAO,dez 2024,1
RECEPTACAO,jan 2025,4
RECEPTACAO,fev 2025,3
RECEPTACAO,mar 2025,2
RECEPTACAO,abr 2025,3
RECEPTACAO,mai 2025,3
RECEPTACAO,jun 2025,8
RECEPTACAO,jul 2025,3
RECEPTACAO,ago 2025,2
RECEPTACAO,set 2025,2
RECEPTACAO,out 2025,2
RECEPTACAO,nov 2025,1
RECEPTACAO,mar 2026,1
RECEPTACAO CULPOSA,mai 2024,1
RECEPTACAO CULPOSA,ago 2025,1
RECEPTACAO DE VEICULO,jul 2024,1
RECEPTACAO QUALIFICADA,abr 2024,1
RECEPTACAO QUALIFICADA,jul 2024,1
RESISTENCIA,jan 2024,1
RESISTENCIA,fev 2024,1
RESISTENCIA,abr 2024,1
RIXA,abr 2025,1
ROUBO A ESTABELECIMENTO COMERCIAL,fev 2024,1
ROUBO A ESTABELECIMENTO COMERCIAL,mar 2024,1
ROUBO A ESTABELECIMENTO COMERCIAL,abr 2024,2
ROUBO A ESTABELECIMENTO COMERCIAL,mai 2024,1
ROUBO A ESTABELECIMENTO COMERCIAL,jul 2024,1
ROUBO A ESTABELECIMENTO COMERCIAL,ago 2024,1
ROUBO A ESTABELECIMENTO COMERCIAL,set 2024,1
ROUBO A ESTABELECIMENTO COMERCIAL,out 2024,1
ROUBO A ESTABELECIMENTO COMERCIAL,nov 2024,1
ROUBO A ESTABELECIMENTO COMERCIAL,jan 2025,1
ROUBO A ESTABELECIMENTO COMERCIAL,mar 2025,3
ROUBO A ESTABELECIMENTO COMERCIAL,abr 2025,2
ROUBO A ESTABELECIMENTO COMERCIAL,jun 2025,1
ROUBO A ESTABELECIMENTO COMERCIAL,ago 2025,1
ROUBO A ESTABELECIMENTO COMERCIAL,out 2025,1
ROUBO A ESTABELECIMENTO COMERCIAL,nov 2025,2
ROUBO A ESTABELECIMENTO COMERCIAL,dez 2025,1
ROUBO A ESTABELECIMENTO COMERCIAL,fev 2026,1
ROUBO A ESTABELECIMENTO COMERCIAL,mar 2026,2
ROUBO A ESTABELECIMENTO COMERCIAL COM LESOES,abr 2025,1
ROUBO A MOTORISTA DE APLICATIVO,mar 2025,1
ROUBO A MOTORISTA DE CARRO ENTREGAS,mar 2024,1
ROUBO A MOTORISTA DE CARRO ENTREGAS,jul 2024,1
ROUBO A MOTORISTA DE CARRO ENTREGAS,ago 2024,1
ROUBO A MOTORISTA DE CARRO ENTREGAS,fev 2025,1
ROUBO A MOTORISTA DE CARRO ENTREGAS,dez 2025,1
ROUBO A MOTORISTA DE CARRO ENTREGAS,mar 2026,1
ROUBO A MOTORISTA DE TAXI,fev 2025,1
ROUBO A MOTORISTA DE TAXI,set 2025,2
ROUBO A PASSAGEIRO TRANSP. COLETIVO E LOTACAO,abr 2024,1
ROUBO A PASSAGEIRO TRANSP. COLETIVO E LOTACAO,set 2025,1
ROUBO A PEDESTRE,jan 2024,11
ROUBO A PEDESTRE,fev 2024,7
ROUBO A PEDESTRE,mar 2024,9
ROUBO A PEDESTRE,abr 2024,8
ROUBO A PEDESTRE,mai 2024,1
ROUBO A PEDESTRE,jun 2024,5
ROUBO A PEDESTRE,jul 2024,4
ROUBO A PEDESTRE,ago 2024,3
ROUBO A PEDESTRE,set 2024,7
ROUBO A PEDESTRE,out 2024,6
ROUBO A PEDESTRE,nov 2024,10
ROUBO A PEDESTRE,dez 2024,3
ROUBO A PEDESTRE,jan 2025,2
ROUBO A PEDESTRE,fev 2025,6
ROUBO A PEDESTRE,mar 2025,8
ROUBO A PEDESTRE,abr 2025,11
ROUBO A PEDESTRE,mai 2025,7
ROUBO A PEDESTRE,jun 2025,10
ROUBO A PEDESTRE,jul 2025,3
ROUBO A PEDESTRE,ago 2025,5
ROUBO A PEDESTRE,set 2025,10
ROUBO A PEDESTRE,out 2025,6
ROUBO A PEDESTRE,nov 2025,7
ROUBO A PEDESTRE,dez 2025,3
ROUBO A PEDESTRE,jan 2026,10
ROUBO A PEDESTRE,fev 2026,5
ROUBO A PEDESTRE,mar 2026,4
ROUBO A PEDESTRE,abr 2026,7
ROUBO A PEDESTRE,mai 2026,7
ROUBO A PEDESTRE COM LESOES,fev 2024,1
ROUBO A PEDESTRE COM LESOES,abr 2024,1
ROUBO A PEDESTRE COM LESOES,set 2024,1
ROUBO A PEDESTRE COM LESOES,out 2024,1
ROUBO A PEDESTRE COM LESOES,fev 2025,1
ROUBO A PEDESTRE COM LESOES,abr 2025,1
ROUBO A PEDESTRE COM LESOES,mai 2025,3
ROUBO A PEDESTRE COM LESOES,jul 2025,1
ROUBO A PEDESTRE COM LESOES,out 2025,2
ROUBO A PEDESTRE COM LESOES,jan 2026,4
ROUBO A PEDESTRE COM LESOES,fev 2026,1
ROUBO A RESIDENCIA,mar 2024,1
ROUBO A RESIDENCIA,mai 2024,1
ROUBO A RESIDENCIA,jul 2024,1
ROUBO A RESIDENCIA,nov 2025,1
ROUBO A RESIDENCIA,jan 2026,1
ROUBO A TRANSPORTE COLETIVO,jun 2024,1
ROUBO A TRANSPORTE COLETIVO,ago 2024,1
ROUBO COM LESOES,jan 2024,1
ROUBO COM LESOES,fev 2024,1
ROUBO COM LESOES,abr 2025,1
ROUBO COM LESOES,jul 2025,1
ROUBO COM LESOES,set 2025,1
ROUBO COM LESOES,out 2025,1
ROUBO COM LESOES,jan 2026,1
ROUBO DE ARMA,fev 2024,1
ROUBO DE CELULAR,jan 2024,11
ROUBO DE CELULAR,fev 2024,12
ROUBO DE CELULAR,mar 2024,12
ROUBO DE CELULAR,abr 2024,9
ROUBO DE CELULAR,mai 2024,2
ROUBO DE CELULAR,jun 2024,5
ROUBO DE CELULAR,jul 2024,8
ROUBO DE CELULAR,ago 2024,4
ROUBO DE CELULAR,set 2024,6
ROUBO DE CELULAR,out 2024,3
ROUBO DE CELULAR,dez 2024,2
ROUBO DE CELULAR,jan 2025,3
ROUBO DE CELULAR,fev 2025,4
ROUBO DE CELULAR,mar 2025,4
ROUBO DE CELULAR,abr 2025,4
ROUBO DE CELULAR,mai 2025,1
ROUBO DE CELULAR,jun 2025,3
ROUBO DE CELULAR,jul 2025,1
ROUBO DE CELULAR,set 2025,8
ROUBO DE CELULAR,out 2025,2
ROUBO DE CELULAR,nov 2025,1
ROUBO DE CELULAR,jan 2026,3
ROUBO DE CELULAR,abr 2026,4
ROUBO DE CELULAR,mai 2026,1
ROUBO DE DOCUMENTO,fev 2024,2
ROUBO DE DOCUMENTO,set 2024,1
ROUBO DE DOCUMENTO,dez 2024,1
ROUBO DE DOCUMENTO,mai 2025,1
ROUBO DE DOCUMENTO,ago 2025,1
ROUBO DE DOCUMENTO,set 2025,1
ROUBO DE VEICULO,jan 2024,1
ROUBO DE VEICULO,fev 2024,1
ROUBO DE VEICULO,mar 2024,1
ROUBO DE VEICULO,mai 2024,2
ROUBO DE VEICULO,ago 2024,1
ROUBO DE VEICULO,set 2024,2
ROUBO DE VEICULO,jan 2025,1
ROUBO DE VEICULO,fev 2025,1
ROUBO DE VEICULO,mar 2025,2
ROUBO DE VEICULO,abr 2026,1
ROUBO DE VEICULO,mai 2026,1
SEQUESTRO E CARCERE PRIVADO,jul 2024,1
SEQUESTRO E CARCERE PRIVADO,out 2024,1
SEQUESTRO E CARCERE PRIVADO,nov 2024,1
SEQUESTRO RELAMPAGO,abr 2026,1
SEQUESTRO RELAMPAGO,mai 2026,1
TRAFEGAR COM VELOCIDADE INCOMPATIVEL COM A SEGURANCA ART.311,nov 2025,1
USO DE DOCUMENTO FALSO,jun 2025,2
VIAS DE FATO,jan 2024,2
VIAS DE FATO,fev 2024,1
VIAS DE FATO,mar 2024,2
VIAS DE FATO,abr 2024,2
VIAS DE FATO,mai 2024,4
VIAS DE FATO,jun 2024,4
VIAS DE FATO,jul 2024,6
VIAS DE FATO,ago 2024,4
VIAS DE FATO,set 2024,2
VIAS DE FATO,out 2024,2
VIAS DE FATO,nov 2024,1
VIAS DE FATO,dez 2024,5
VIAS DE FATO,jan 2025,7
VIAS DE FATO,fev 2025,5
VIAS DE FATO,mar 2025,3
VIAS DE FATO,abr 2025,2
VIAS DE FATO,mai 2025,9
VIAS DE FATO,jun 2025,4
VIAS DE FATO,jul 2025,4
VIAS DE FATO,ago 2025,4
VIAS DE FATO,set 2025,4
VIAS DE FATO,out 2025,3
VIAS DE FATO,nov 2025,2
VIAS DE FATO,dez 2025,2
VIAS DE FATO,jan 2026,4
VIAS DE FATO,fev 2026,1
VIAS DE FATO,mar 2026,3
VIAS DE FATO,abr 2026,3
VIAS DE FATO,mai 2026,4
VIOLACAO DE DOMICILIO,fev 2024,1
VIOLACAO DE DOMICILIO,jul 2024,1
VIOLACAO DE DOMICILIO,ago 2024,1
VIOLACAO DE DOMICILIO,out 2024,1
VIOLACAO DE DOMICILIO,nov 2024,1
VIOLACAO DE DOMICILIO,dez 2024,2
VIOLACAO DE DOMICILIO,jan 2025,2
VIOLACAO DE DOMICILIO,fev 2025,2
VIOLACAO DE DOMICILIO,mai 2025,1
VIOLACAO DE DOMICILIO,out 2025,1
VIOLACAO DE DOMICILIO,jan 2026,2
VIOLACAO DE DOMICILIO,fev 2026,1
VIOLACAO DE DOMICILIO,mar 2026,1
VIOLACAO DE DOMICILIO,mai 2026,1
VIOLACAO SEXUAL MEDIANTE FRAUDE,out 2024,1
VIOLENCIA PSICOLOGICA CONTRA MULHER ART 147B,jul 2024,1
VIOLENCIA PSICOLOGICA CONTRA MULHER ART 147B,set 2024,1
VIOLENCIA PSICOLOGICA CONTRA MULHER ART 147B,out 2024,2
VIOLENCIA PSICOLOGICA CONTRA MULHER ART 147B,fev 2025,1
VIOLENCIA PSICOLOGICA CONTRA MULHER ART 147B,ago 2025,2
VIOLENCIA PSICOLOGICA CONTRA MULHER ART 147B,set 2025,1
VIOLENCIA PSICOLOGICA CONTRA MULHER ART 147B,out 2025,2
VIOLENCIA PSICOLOGICA CONTRA MULHER ART 147B,nov 2025,3
VIOLENCIA PSICOLOGICA CONTRA MULHER ART 147B,jan 2026,3
VIOLENCIA PSICOLOGICA CONTRA MULHER ART 147B,fev 2026,3
VIOLENCIA PSICOLOGICA CONTRA MULHER ART 147B,mar 2026,5
VIOLENCIA PSICOLOGICA CONTRA MULHER ART 147B,abr 2026,2
